"SampleNumber","CAN","CAN Raw Data","CAN Bit Sequence","CANH"
"0","","","","0"
"51","","","","1"
"300","","","","0"
"351","","","","1"
"600","","","","0"
"651","","","","1"
"900","","","","0"
"951","","","","1"
"1200","","","","0"
"1251","","","","1"
"1500","","","","0"
"1551","","","","1"
"1800","","","","0"
"1851","","","","1"
"2050","","","","0"
"2101","","","","1"
"2350","","","","0"
"2401","","","","1"
"2650","","","","0"
"2700","","","","1"
"2950","","","","0"
"3000","","","","1"
"3200","","","","0"
"3300","","","","1"
"3550","","","","0"
"3600","","","","1"
"3650","","","","0"
"3700","","","","1"
"3750","","","","0"
"3850","","","","1"
"3900","","","","0"
"4000","","","","1"
"4250","","","","0"
"4400","","","","1"
"4450","","","","0"
"5800","D:268522852","0","1","1"
"5850","","1","2","0"
"5900","","0","3","1"
"5950","","0","4","1"
"6000","","0","5","1"
"6050","","0","6","1"
"6100","","0","7","1"
"6150","","S","S","0"
"6200","","0","8","1"
"6250","","0","9","1"
"6300","","0","10","1"
"6350","","0","11","1"
"6400","","0","12","1"
"6450","","S","S","0"
"6500","","1","13","0"
"6550","","1","14","0"
"6600","","0","15","1"
"6650","","1","16","0"
"6700","","0","17","1"
"6750","","1","18","0"
"6800","","0","19","1"
"6850","","1","20","0"
"6900","","0","21","1"
"6950","","1","22","0"
"7000","","0","23","1"
"7050","","1","24","0"
"7100","","0","25","1"
"7150","","1","26","0"
"7200","","1","27","0"
"7250","","0","28","1"
"7300","","0","29","1"
"7350","","1","30","0"
"7400","","0","31","1"
"7450","","0","32","1"
"7500","","0","33","1"
"7550","","0","34","1"
"7600","","0","35","1"
"7650","","S","S","0"
"7700","L:8","1","36","0"
"7750","","0","37","1"
"7800","","0","38","1"
"7850","","0","39","1"
"7900","000","0","40","1"
"7950","","0","41","1"
"8000","","S","S","0"
"8050","","0","42","1"
"8100","","0","43","1"
"8150","","0","44","1"
"8200","","0","45","1"
"8250","","0","46","1"
"8300","","S","S","0"
"8350","","0","47","1"
"8400","000","0","48","1"
"8450","","0","49","1"
"8500","","0","50","1"
"8550","","0","51","1"
"8600","","S","S","0"
"8650","","0","52","1"
"8700","","0","53","1"
"8750","","0","54","1"
"8800","","0","55","1"
"8850","000","0","56","1"
"8900","","S","S","0"
"8950","","0","57","1"
"9000","","0","58","1"
"9050","","0","59","1"
"9100","","0","60","1"
"9150","","0","61","1"
"9200","","S","S","0"
"9250","","0","62","1"
"9300","","0","63","1"
"9350","000","0","64","1"
"9400","","0","65","1"
"9450","","0","66","1"
"9500","","S","S","0"
"9550","","0","67","1"
"9600","","0","68","1"
"9650","","0","69","1"
"9700","","0","70","1"
"9750","","0","71","1"
"9800","","S","S","0"
"9850","008","0","72","1"
"9900","","0","73","1"
"9950","","0","74","1"
"10000","","0","75","1"
"10050","","1","76","0"
"10100","","0","77","1"
"10150","","0","78","1"
"10200","","0","79","1"
"10250","000","0","80","1"
"10300","","0","81","1"
"10350","","S","S","0"
"10400","","0","82","1"
"10450","","0","83","1"
"10500","","0","84","1"
"10550","","0","85","1"
"10600","","0","86","1"
"10650","","S","S","0"
"10700","","0","87","1"
"10750","000","0","88","1"
"10800","","0","89","1"
"10850","","0","90","1"
"10900","","0","91","1"
"10950","","S","S","0"
"11000","","0","92","1"
"11050","","0","93","1"
"11100","","0","94","1"
"11150","","0","95","1"
"11200","À","1","96","0"
"11250","","1","97","0"
"11300","","0","98","1"
"11350","","0","99","1"
"11400","","0","100","1"
"11450","","0","101","1"
"11500","","0","102","1"
"11550","","S","S","0"
"11600","","0","103","1"
"11650","C:23302","1","104","0"
"11700","","0","105","1"
"11750","","1","106","0"
"11800","","1","107","0"
"11850","","0","108","1"
"11900","","1","109","0"
"11950","","1","110","0"
"12000","","0","111","1"
"12050","","0","112","1"
"12100","","0","113","1"
"12150","","0","114","1"
"12200","","0","115","1"
"12250","","S","S","0"
"12300","","1","116","0"
"12350","","1","117","0"
"12400","","0","118","1"
"12450","","1","119","0"
"12500","N","1","120","0"
"12550","","1","121","0"
"12600","EF","1","122","0"
"12650","","1","123","0"
"12700","","1","124","0"
"12750","","1","125","0"
"12800","","1","126","0"
"12850","","1","127","0"
"12900","","1","128","0"
"12950","IM","1","129","0"
"13000","","1","130","0"
"13050","","1","131","0"
"13801","D:268522852","0","1","1"
"13850","","1","2","0"
"13900","","0","3","1"
"13950","","0","4","1"
"14000","","0","5","1"
"14050","","0","6","1"
"14100","","0","7","1"
"14150","","S","S","0"
"14200","","0","8","1"
"14250","","0","9","1"
"14300","","0","10","1"
"14350","","0","11","1"
"14400","","0","12","1"
"14450","","S","S","0"
"14500","","1","13","0"
"14550","","1","14","0"
"14600","","0","15","1"
"14650","","1","16","0"
"14700","","0","17","1"
"14750","","1","18","0"
"14800","","0","19","1"
"14850","","1","20","0"
"14900","","0","21","1"
"14950","","1","22","0"
"15000","","0","23","1"
"15050","","1","24","0"
"15100","","0","25","1"
"15150","","1","26","0"
"15200","","1","27","0"
"15250","","0","28","1"
"15300","","0","29","1"
"15350","","1","30","0"
"15400","","0","31","1"
"15450","","0","32","1"
"15500","","0","33","1"
"15550","","0","34","1"
"15600","","0","35","1"
"15650","","S","S","0"
"15700","L:8","1","36","0"
"15750","","0","37","1"
"15800","","0","38","1"
"15850","","0","39","1"
"15900","000","0","40","1"
"15950","","0","41","1"
"16000","","S","S","0"
"16050","","0","42","1"
"16100","","0","43","1"
"16150","","0","44","1"
"16200","","0","45","1"
"16250","","0","46","1"
"16300","","S","S","0"
"16350","","0","47","1"
"16400","000","0","48","1"
"16450","","0","49","1"
"16500","","0","50","1"
"16550","","0","51","1"
"16600","","S","S","0"
"16650","","0","52","1"
"16700","","0","53","1"
"16750","","0","54","1"
"16800","","0","55","1"
"16850","000","0","56","1"
"16900","","S","S","0"
"16950","","0","57","1"
"17000","","0","58","1"
"17050","","0","59","1"
"17100","","0","60","1"
"17150","","0","61","1"
"17200","","S","S","0"
"17250","","0","62","1"
"17300","","0","63","1"
"17350","000","0","64","1"
"17400","","0","65","1"
"17450","","0","66","1"
"17500","","S","S","0"
"17550","","0","67","1"
"17600","","0","68","1"
"17650","","0","69","1"
"17700","","0","70","1"
"17750","","0","71","1"
"17800","","S","S","0"
"17850","008","0","72","1"
"17900","","0","73","1"
"17950","","0","74","1"
"18000","","0","75","1"
"18050","","1","76","0"
"18100","","0","77","1"
"18150","","0","78","1"
"18200","","0","79","1"
"18250","000","0","80","1"
"18300","","0","81","1"
"18350","","S","S","0"
"18400","","0","82","1"
"18450","","0","83","1"
"18500","","0","84","1"
"18550","","0","85","1"
"18600","","0","86","1"
"18650","","S","S","0"
"18700","","0","87","1"
"18750","000","0","88","1"
"18800","","0","89","1"
"18850","","0","90","1"
"18900","","0","91","1"
"18950","","S","S","0"
"19000","","0","92","1"
"19050","","0","93","1"
"19100","","0","94","1"
"19150","","0","95","1"
"19200","À","1","96","0"
"19250","","1","97","0"
"19301","","0","98","1"
"19351","","0","99","1"
"19401","","0","100","1"
"19451","","0","101","1"
"19501","","0","102","1"
"19550","","S","S","0"
"19600","","0","103","1"
"19650","C:23302","1","104","0"
"19700","","0","105","1"
"19750","","1","106","0"
"19800","","1","107","0"
"19851","","0","108","1"
"19900","","1","109","0"
"19950","","1","110","0"
"20001","","0","111","1"
"20051","","0","112","1"
"20101","","0","113","1"
"20151","","0","114","1"
"20201","","0","115","1"
"20250","","S","S","0"
"20300","","1","116","0"
"20350","","1","117","0"
"20401","","0","118","1"
"20450","","1","119","0"
"20500","N","1","120","0"
"20550","","1","121","0"
"20600","EF","1","122","0"
"20650","","1","123","0"
"20700","","1","124","0"
"20750","","1","125","0"
"20800","","1","126","0"
"20850","","1","127","0"
"20900","","1","128","0"
"20950","IM","1","129","0"
"21000","","1","130","0"
"21050","","1","131","0"
"21801","D:268522852","0","1","1"
"21850","","1","2","0"
"21901","","0","3","1"
"21951","","0","4","1"
"22001","","0","5","1"
"22051","","0","6","1"
"22101","","0","7","1"
"22150","","S","S","0"
"22201","","0","8","1"
"22251","","0","9","1"
"22301","","0","10","1"
"22351","","0","11","1"
"22401","","0","12","1"
"22450","","S","S","0"
"22500","","1","13","0"
"22550","","1","14","0"
"22601","","0","15","1"
"22650","","1","16","0"
"22701","","0","17","1"
"22750","","1","18","0"
"22801","","0","19","1"
"22850","","1","20","0"
"22901","","0","21","1"
"22950","","1","22","0"
"23001","","0","23","1"
"23050","","1","24","0"
"23101","","0","25","1"
"23150","","1","26","0"
"23200","","1","27","0"
"23251","","0","28","1"
"23301","","0","29","1"
"23350","","1","30","0"
"23401","","0","31","1"
"23451","","0","32","1"
"23501","","0","33","1"
"23551","","0","34","1"
"23601","","0","35","1"
"23650","","S","S","0"
"23700","L:8","1","36","0"
"23751","","0","37","1"
"23801","","0","38","1"
"23851","","0","39","1"
"23901","000","0","40","1"
"23951","","0","41","1"
"24000","","S","S","0"
"24051","","0","42","1"
"24101","","0","43","1"
"24151","","0","44","1"
"24201","","0","45","1"
"24251","","0","46","1"
"24300","","S","S","0"
"24351","","0","47","1"
"24401","000","0","48","1"
"24451","","0","49","1"
"24501","","0","50","1"
"24551","","0","51","1"
"24600","","S","S","0"
"24651","","0","52","1"
"24701","","0","53","1"
"24751","","0","54","1"
"24801","","0","55","1"
"24851","000","0","56","1"
"24900","","S","S","0"
"24951","","0","57","1"
"25001","","0","58","1"
"25051","","0","59","1"
"25101","","0","60","1"
"25151","","0","61","1"
"25200","","S","S","0"
"25251","","0","62","1"
"25301","","0","63","1"
"25351","000","0","64","1"
"25401","","0","65","1"
"25451","","0","66","1"
"25500","","S","S","0"
"25551","","0","67","1"
"25601","","0","68","1"
"25651","","0","69","1"
"25701","","0","70","1"
"25751","","0","71","1"
"25800","","S","S","0"
"25851","008","0","72","1"
"25901","","0","73","1"
"25951","","0","74","1"
"26001","","0","75","1"
"26050","","1","76","0"
"26101","","0","77","1"
"26151","","0","78","1"
"26201","","0","79","1"
"26251","000","0","80","1"
"26301","","0","81","1"
"26350","","S","S","0"
"26401","","0","82","1"
"26451","","0","83","1"
"26501","","0","84","1"
"26551","","0","85","1"
"26601","","0","86","1"
"26650","","S","S","0"
"26701","","0","87","1"
"26751","000","0","88","1"
"26801","","0","89","1"
"26851","","0","90","1"
"26901","","0","91","1"
"26950","","S","S","0"
"27001","","0","92","1"
"27051","","0","93","1"
"27101","","0","94","1"
"27151","","0","95","1"
"27200","À","1","96","0"
"27250","","1","97","0"
"27301","","0","98","1"
"27351","","0","99","1"
"27401","","0","100","1"
"27451","","0","101","1"
"27501","","0","102","1"
"27550","","S","S","0"
"27601","","0","103","1"
"27650","C:23302","1","104","0"
"27701","","0","105","1"
"27750","","1","106","0"
"27800","","1","107","0"
"27851","","0","108","1"
"27900","","1","109","0"
"27950","","1","110","0"
"28001","","0","111","1"
"28051","","0","112","1"
"28101","","0","113","1"
"28151","","0","114","1"
"28201","","0","115","1"
"28250","","S","S","0"
"28300","","1","116","0"
"28350","","1","117","0"
"28401","","0","118","1"
"28450","","1","119","0"
"28500","N","1","120","0"
"28550","","1","121","0"
"28600","EF","1","122","0"
"28650","","1","123","0"
"28700","","1","124","0"
"28750","","1","125","0"
"28800","","1","126","0"
"28850","","1","127","0"
"28900","","1","128","0"
"28950","IM","1","129","0"
"29000","","1","130","0"
"29050","","1","131","0"
"29802","D:268522852","0","1","1"
"29851","","1","2","0"
"29901","","0","3","1"
"29951","","0","4","1"
"30001","","0","5","1"
"30051","","0","6","1"
"30101","","0","7","1"
"30151","","S","S","0"
"30201","","0","8","1"
"30251","","0","9","1"
"30301","","0","10","1"
"30351","","0","11","1"
"30401","","0","12","1"
"30451","","S","S","0"
"30501","","1","13","0"
"30551","","1","14","0"
"30601","","0","15","1"
"30651","","1","16","0"
"30701","","0","17","1"
"30751","","1","18","0"
"30801","","0","19","1"
"30851","","1","20","0"
"30901","","0","21","1"
"30951","","1","22","0"
"31001","","0","23","1"
"31051","","1","24","0"
"31101","","0","25","1"
"31151","","1","26","0"
"31201","","1","27","0"
"31251","","0","28","1"
"31301","","0","29","1"
"31351","","1","30","0"
"31401","","0","31","1"
"31451","","0","32","1"
"31501","","0","33","1"
"31551","","0","34","1"
"31601","","0","35","1"
"31651","","S","S","0"
"31701","L:8","1","36","0"
"31751","","0","37","1"
"31801","","0","38","1"
"31851","","0","39","1"
"31901","000","0","40","1"
"31951","","0","41","1"
"32001","","S","S","0"
"32051","","0","42","1"
"32101","","0","43","1"
"32151","","0","44","1"
"32201","","0","45","1"
"32251","","0","46","1"
"32301","","S","S","0"
"32351","","0","47","1"
"32401","000","0","48","1"
"32451","","0","49","1"
"32501","","0","50","1"
"32551","","0","51","1"
"32601","","S","S","0"
"32651","","0","52","1"
"32701","","0","53","1"
"32751","","0","54","1"
"32801","","0","55","1"
"32851","000","0","56","1"
"32901","","S","S","0"
"32951","","0","57","1"
"33001","","0","58","1"
"33051","","0","59","1"
"33101","","0","60","1"
"33151","","0","61","1"
"33201","","S","S","0"
"33251","","0","62","1"
"33301","","0","63","1"
"33351","000","0","64","1"
"33401","","0","65","1"
"33451","","0","66","1"
"33501","","S","S","0"
"33551","","0","67","1"
"33601","","0","68","1"
"33651","","0","69","1"
"33701","","0","70","1"
"33751","","0","71","1"
"33801","","S","S","0"
"33851","008","0","72","1"
"33901","","0","73","1"
"33951","","0","74","1"
"34001","","0","75","1"
"34051","","1","76","0"
"34101","","0","77","1"
"34151","","0","78","1"
"34201","","0","79","1"
"34251","000","0","80","1"
"34301","","0","81","1"
"34351","","S","S","0"
"34401","","0","82","1"
"34451","","0","83","1"
"34501","","0","84","1"
"34551","","0","85","1"
"34601","","0","86","1"
"34651","","S","S","0"
"34701","","0","87","1"
"34751","000","0","88","1"
"34801","","0","89","1"
"34851","","0","90","1"
"34901","","0","91","1"
"34951","","S","S","0"
"35001","","0","92","1"
"35051","","0","93","1"
"35101","","0","94","1"
"35151","","0","95","1"
"35201","À","1","96","0"
"35251","","1","97","0"
"35302","","0","98","1"
"35352","","0","99","1"
"35402","","0","100","1"
"35452","","0","101","1"
"35502","","0","102","1"
"35551","","S","S","0"
"35601","","0","103","1"
"35651","C:23302","1","104","0"
"35701","","0","105","1"
"35751","","1","106","0"
"35801","","1","107","0"
"35852","","0","108","1"
"35901","","1","109","0"
"35951","","1","110","0"
"36002","","0","111","1"
"36052","","0","112","1"
"36102","","0","113","1"
"36152","","0","114","1"
"36202","","0","115","1"
"36251","","S","S","0"
"36301","","1","116","0"
"36351","","1","117","0"
"36402","","0","118","1"
"36451","","1","119","0"
"36501","N","1","120","0"
"36551","","1","121","0"
"36601","EF","1","122","0"
"36651","","1","123","0"
"36701","","1","124","0"
"36751","","1","125","0"
"36801","","1","126","0"
"36851","","1","127","0"
"36901","","1","128","0"
"36951","IM","1","129","0"
"37001","","1","130","0"
"37051","","1","131","0"
"37802","D:268522852","0","1","1"
"37851","","1","2","0"
"37902","","0","3","1"
"37952","","0","4","1"
"38002","","0","5","1"
"38052","","0","6","1"
"38102","","0","7","1"
"38151","","S","S","0"
"38202","","0","8","1"
"38252","","0","9","1"
"38302","","0","10","1"
"38352","","0","11","1"
"38402","","0","12","1"
"38451","","S","S","0"
"38501","","1","13","0"
"38551","","1","14","0"
"38602","","0","15","1"
"38651","","1","16","0"
"38702","","0","17","1"
"38751","","1","18","0"
"38802","","0","19","1"
"38851","","1","20","0"
"38902","","0","21","1"
"38951","","1","22","0"
"39002","","0","23","1"
"39051","","1","24","0"
"39102","","0","25","1"
"39151","","1","26","0"
"39201","","1","27","0"
"39252","","0","28","1"
"39302","","0","29","1"
"39351","","1","30","0"
"39402","","0","31","1"
"39452","","0","32","1"
"39502","","0","33","1"
"39552","","0","34","1"
"39602","","0","35","1"
"39651","","S","S","0"
"39701","L:8","1","36","0"
"39752","","0","37","1"
"39802","","0","38","1"
"39852","","0","39","1"
"39902","000","0","40","1"
"39952","","0","41","1"
"40001","","S","S","0"
"40052","","0","42","1"
"40102","","0","43","1"
"40152","","0","44","1"
"40202","","0","45","1"
"40252","","0","46","1"
"40301","","S","S","0"
"40352","","0","47","1"
"40402","000","0","48","1"
"40452","","0","49","1"
"40502","","0","50","1"
"40552","","0","51","1"
"40601","","S","S","0"
"40652","","0","52","1"
"40702","","0","53","1"
"40752","","0","54","1"
"40802","","0","55","1"
"40852","000","0","56","1"
"40901","","S","S","0"
"40952","","0","57","1"
"41002","","0","58","1"
"41052","","0","59","1"
"41102","","0","60","1"
"41152","","0","61","1"
"41201","","S","S","0"
"41252","","0","62","1"
"41302","","0","63","1"
"41352","000","0","64","1"
"41402","","0","65","1"
"41452","","0","66","1"
"41501","","S","S","0"
"41552","","0","67","1"
"41602","","0","68","1"
"41652","","0","69","1"
"41702","","0","70","1"
"41752","","0","71","1"
"41801","","S","S","0"
"41852","008","0","72","1"
"41902","","0","73","1"
"41952","","0","74","1"
"42002","","0","75","1"
"42051","","1","76","0"
"42102","","0","77","1"
"42152","","0","78","1"
"42202","","0","79","1"
"42252","000","0","80","1"
"42302","","0","81","1"
"42351","","S","S","0"
"42402","","0","82","1"
"42452","","0","83","1"
"42502","","0","84","1"
"42552","","0","85","1"
"42602","","0","86","1"
"42651","","S","S","0"
"42702","","0","87","1"
"42752","000","0","88","1"
"42802","","0","89","1"
"42852","","0","90","1"
"42902","","0","91","1"
"42951","","S","S","0"
"43002","","0","92","1"
"43052","","0","93","1"
"43102","","0","94","1"
"43152","","0","95","1"
"43201","À","1","96","0"
"43251","","1","97","0"
"43302","","0","98","1"
"43352","","0","99","1"
"43402","","0","100","1"
"43452","","0","101","1"
"43502","","0","102","1"
"43551","","S","S","0"
"43602","","0","103","1"
"43651","C:23302","1","104","0"
"43702","","0","105","1"
"43751","","1","106","0"
"43801","","1","107","0"
"43852","","0","108","1"
"43901","","1","109","0"
"43951","","1","110","0"
"44002","","0","111","1"
"44052","","0","112","1"
"44102","","0","113","1"
"44152","","0","114","1"
"44202","","0","115","1"
"44251","","S","S","0"
"44301","","1","116","0"
"44351","","1","117","0"
"44402","","0","118","1"
"44451","","1","119","0"
"44501","N","1","120","0"
"44551","","1","121","0"
"44601","EF","1","122","0"
"44651","","1","123","0"
"44701","","1","124","0"
"44751","","1","125","0"
"44801","","1","126","0"
"44851","","1","127","0"
"44901","","1","128","0"
"44951","IM","1","129","0"
"45001","","1","130","0"
"45051","","1","131","0"
"45802","D:268522852","0","1","1"
"45851","","1","2","0"
"45902","","0","3","1"
"45952","","0","4","1"
"46002","","0","5","1"
"46052","","0","6","1"
"46102","","0","7","1"
"46151","","S","S","0"
"46202","","0","8","1"
"46252","","0","9","1"
"46302","","0","10","1"
"46352","","0","11","1"
"46402","","0","12","1"
"46451","","S","S","0"
"46501","","1","13","0"
"46551","","1","14","0"
"46602","","0","15","1"
"46651","","1","16","0"
"46702","","0","17","1"
"46751","","1","18","0"
"46802","","0","19","1"
"46851","","1","20","0"
"46902","","0","21","1"
"46951","","1","22","0"
"47002","","0","23","1"
"47051","","1","24","0"
"47102","","0","25","1"
"47151","","1","26","0"
"47201","","1","27","0"
"47252","","0","28","1"
"47302","","0","29","1"
"47351","","1","30","0"
"47402","","0","31","1"
"47452","","0","32","1"
"47502","","0","33","1"
"47552","","0","34","1"
"47602","","0","35","1"
"47651","","S","S","0"
"47701","L:8","1","36","0"
"47752","","0","37","1"
"47802","","0","38","1"
"47852","","0","39","1"
"47902","000","0","40","1"
"47952","","0","41","1"
"48001","","S","S","0"
"48052","","0","42","1"
"48102","","0","43","1"
"48152","","0","44","1"
"48202","","0","45","1"
"48252","","0","46","1"
"48301","","S","S","0"
"48352","","0","47","1"
"48402","000","0","48","1"
"48452","","0","49","1"
"48502","","0","50","1"
"48552","","0","51","1"
"48601","","S","S","0"
"48652","","0","52","1"
"48702","","0","53","1"
"48752","","0","54","1"
"48802","","0","55","1"
"48852","000","0","56","1"
"48901","","S","S","0"
"48952","","0","57","1"
"49002","","0","58","1"
"49052","","0","59","1"
"49102","","0","60","1"
"49152","","0","61","1"
"49201","","S","S","0"
"49252","","0","62","1"
"49302","","0","63","1"
"49352","000","0","64","1"
"49402","","0","65","1"
"49452","","0","66","1"
"49501","","S","S","0"
"49552","","0","67","1"
"49602","","0","68","1"
"49652","","0","69","1"
"49702","","0","70","1"
"49752","","0","71","1"
"49801","","S","S","0"
"49852","008","0","72","1"
"49902","","0","73","1"
"49952","","0","74","1"
"50002","","0","75","1"
"50051","","1","76","0"
"50102","","0","77","1"
"50152","","0","78","1"
"50202","","0","79","1"
"50252","000","0","80","1"
"50302","","0","81","1"
"50351","","S","S","0"
"50402","","0","82","1"
"50452","","0","83","1"
"50502","","0","84","1"
"50552","","0","85","1"
"50602","","0","86","1"
"50651","","S","S","0"
"50702","","0","87","1"
"50752","000","0","88","1"
"50802","","0","89","1"
"50852","","0","90","1"
"50902","","0","91","1"
"50951","","S","S","0"
"51002","","0","92","1"
"51052","","0","93","1"
"51102","","0","94","1"
"51152","","0","95","1"
"51201","À","1","96","0"
"51251","","1","97","0"
"51302","","0","98","1"
"51352","","0","99","1"
"51402","","0","100","1"
"51452","","0","101","1"
"51502","","0","102","1"
"51551","","S","S","0"
"51602","","0","103","1"
"51651","C:23302","1","104","0"
"51702","","0","105","1"
"51751","","1","106","0"
"51801","","1","107","0"
"51852","","0","108","1"
"51901","","1","109","0"
"51951","","1","110","0"
"52002","","0","111","1"
"52052","","0","112","1"
"52102","","0","113","1"
"52152","","0","114","1"
"52202","","0","115","1"
"52251","","S","S","0"
"52301","","1","116","0"
"52351","","1","117","0"
"52401","","0","118","1"
"52451","","1","119","0"
"52501","N","1","120","0"
"52551","","1","121","0"
"52601","EF","1","122","0"
"52651","","1","123","0"
"52701","","1","124","0"
"52751","","1","125","0"
"52801","","1","126","0"
"52851","","1","127","0"
"52901","","1","128","0"
"52951","IM","1","129","0"
"53001","","1","130","0"
"53051","","1","131","0"
"53801","D:268522852","0","1","1"
"53851","","1","2","0"
"53902","","0","3","1"
"53952","","0","4","1"
"54002","","0","5","1"
"54052","","0","6","1"
"54102","","0","7","1"
"54151","","S","S","0"
"54202","","0","8","1"
"54252","","0","9","1"
"54302","","0","10","1"
"54352","","0","11","1"
"54402","","0","12","1"
"54451","","S","S","0"
"54501","","1","13","0"
"54551","","1","14","0"
"54601","","0","15","1"
"54651","","1","16","0"
"54702","","0","17","1"
"54751","","1","18","0"
"54802","","0","19","1"
"54851","","1","20","0"
"54902","","0","21","1"
"54951","","1","22","0"
"55002","","0","23","1"
"55051","","1","24","0"
"55102","","0","25","1"
"55151","","1","26","0"
"55201","","1","27","0"
"55251","","0","28","1"
"55301","","0","29","1"
"55351","","1","30","0"
"55402","","0","31","1"
"55452","","0","32","1"
"55502","","0","33","1"
"55552","","0","34","1"
"55602","","0","35","1"
"55651","","S","S","0"
"55701","L:8","1","36","0"
"55751","","0","37","1"
"55801","","0","38","1"
"55851","","0","39","1"
"55901","000","0","40","1"
"55951","","0","41","1"
"56001","","S","S","0"
"56052","","0","42","1"
"56102","","0","43","1"
"56152","","0","44","1"
"56202","","0","45","1"
"56252","","0","46","1"
"56301","","S","S","0"
"56352","","0","47","1"
"56402","000","0","48","1"
"56452","","0","49","1"
"56502","","0","50","1"
"56552","","0","51","1"
"56601","","S","S","0"
"56652","","0","52","1"
"56702","","0","53","1"
"56752","","0","54","1"
"56802","","0","55","1"
"56852","000","0","56","1"
"56901","","S","S","0"
"56952","","0","57","1"
"57002","","0","58","1"
"57052","","0","59","1"
"57102","","0","60","1"
"57152","","0","61","1"
"57201","","S","S","0"
"57252","","0","62","1"
"57302","","0","63","1"
"57352","000","0","64","1"
"57402","","0","65","1"
"57452","","0","66","1"
"57501","","S","S","0"
"57552","","0","67","1"
"57602","","0","68","1"
"57652","","0","69","1"
"57702","","0","70","1"
"57752","","0","71","1"
"57801","","S","S","0"
"57851","008","0","72","1"
"57901","","0","73","1"
"57951","","0","74","1"
"58001","","0","75","1"
"58051","","1","76","0"
"58101","","0","77","1"
"58151","","0","78","1"
"58201","","0","79","1"
"58251","000","0","80","1"
"58301","","0","81","1"
"58351","","S","S","0"
"58401","","0","82","1"
"58451","","0","83","1"
"58501","","0","84","1"
"58551","","0","85","1"
"58601","","0","86","1"
"58651","","S","S","0"
"58701","","0","87","1"
"58751","000","0","88","1"
"58801","","0","89","1"
"58851","","0","90","1"
"58901","","0","91","1"
"58951","","S","S","0"
"59001","","0","92","1"
"59051","","0","93","1"
"59101","","0","94","1"
"59151","","0","95","1"
"59201","À","1","96","0"
"59251","","1","97","0"
"59301","","0","98","1"
"59351","","0","99","1"
"59401","","0","100","1"
"59451","","0","101","1"
"59501","","0","102","1"
"59551","","S","S","0"
"59601","","0","103","1"
"59651","C:23302","1","104","0"
"59701","","0","105","1"
"59751","","1","106","0"
"59801","","1","107","0"
"59851","","0","108","1"
"59901","","1","109","0"
"59951","","1","110","0"
"60001","","0","111","1"
"60051","","0","112","1"
"60101","","0","113","1"
"60151","","0","114","1"
"60201","","0","115","1"
"60251","","S","S","0"
"60301","","1","116","0"
"60351","","1","117","0"
"60401","","0","118","1"
"60451","","1","119","0"
"60501","N","1","120","0"
"60551","","1","121","0"
"60601","EF","1","122","0"
"60651","","1","123","0"
"60701","","1","124","0"
"60751","","1","125","0"
"60801","","1","126","0"
"60851","","1","127","0"
"60901","","1","128","0"
"60951","IM","1","129","0"
"61001","","1","130","0"
"61051","","1","131","0"
"61802","D:268522852","0","1","1"
"61851","","1","2","0"
"61901","","0","3","1"
"61951","","0","4","1"
"62001","","0","5","1"
"62051","","0","6","1"
"62101","","0","7","1"
"62151","","S","S","0"
"62201","","0","8","1"
"62251","","0","9","1"
"62301","","0","10","1"
"62351","","0","11","1"
"62401","","0","12","1"
"62451","","S","S","0"
"62501","","1","13","0"
"62551","","1","14","0"
"62601","","0","15","1"
"62651","","1","16","0"
"62701","","0","17","1"
"62751","","1","18","0"
"62801","","0","19","1"
"62851","","1","20","0"
"62901","","0","21","1"
"62951","","1","22","0"
"63001","","0","23","1"
"63051","","1","24","0"
"63101","","0","25","1"
"63151","","1","26","0"
"63201","","1","27","0"
"63251","","0","28","1"
"63301","","0","29","1"
"63351","","1","30","0"
"63401","","0","31","1"
"63451","","0","32","1"
"63501","","0","33","1"
"63551","","0","34","1"
"63601","","0","35","1"
"63651","","S","S","0"
"63701","L:8","1","36","0"
"63751","","0","37","1"
"63801","","0","38","1"
"63851","","0","39","1"
"63901","000","0","40","1"
"63951","","0","41","1"
"64001","","S","S","0"
"64051","","0","42","1"
"64101","","0","43","1"
"64151","","0","44","1"
"64201","","0","45","1"
"64251","","0","46","1"
"64301","","S","S","0"
"64351","","0","47","1"
"64401","000","0","48","1"
"64451","","0","49","1"
"64501","","0","50","1"
"64551","","0","51","1"
"64601","","S","S","0"
"64651","","0","52","1"
"64701","","0","53","1"
"64751","","0","54","1"
"64801","","0","55","1"
"64851","000","0","56","1"
"64901","","S","S","0"
"64951","","0","57","1"
"65001","","0","58","1"
"65051","","0","59","1"
"65101","","0","60","1"
"65151","","0","61","1"
"65201","","S","S","0"
"65251","","0","62","1"
"65301","","0","63","1"
"65351","000","0","64","1"
"65401","","0","65","1"
"65451","","0","66","1"
"65501","","S","S","0"
"65551","","0","67","1"
"65601","","0","68","1"
"65651","","0","69","1"
"65701","","0","70","1"
"65751","","0","71","1"
"65801","","S","S","0"
"65851","008","0","72","1"
"65901","","0","73","1"
"65951","","0","74","1"
"66001","","0","75","1"
"66051","","1","76","0"
"66101","","0","77","1"
"66151","","0","78","1"
"66201","","0","79","1"
"66251","000","0","80","1"
"66301","","0","81","1"
"66351","","S","S","0"
"66401","","0","82","1"
"66451","","0","83","1"
"66501","","0","84","1"
"66551","","0","85","1"
"66601","","0","86","1"
"66651","","S","S","0"
"66701","","0","87","1"
"66751","000","0","88","1"
"66801","","0","89","1"
"66851","","0","90","1"
"66901","","0","91","1"
"66951","","S","S","0"
"67001","","0","92","1"
"67051","","0","93","1"
"67101","","0","94","1"
"67151","","0","95","1"
"67201","À","1","96","0"
"67251","","1","97","0"
"67301","","0","98","1"
"67351","","0","99","1"
"67401","","0","100","1"
"67451","","0","101","1"
"67501","","0","102","1"
"67551","","S","S","0"
"67601","","0","103","1"
"67651","C:23302","1","104","0"
"67701","","0","105","1"
"67751","","1","106","0"
"67801","","1","107","0"
"67851","","0","108","1"
"67901","","1","109","0"
"67951","","1","110","0"
"68001","","0","111","1"
"68051","","0","112","1"
"68101","","0","113","1"
"68151","","0","114","1"
"68201","","0","115","1"
"68251","","S","S","0"
"68301","","1","116","0"
"68351","","1","117","0"
"68401","","0","118","1"
"68451","","1","119","0"
"68501","N","1","120","0"
"68551","","1","121","0"
"68601","EF","1","122","0"
"68651","","1","123","0"
"68701","","1","124","0"
"68751","","1","125","0"
"68801","","1","126","0"
"68851","","1","127","0"
"68901","","1","128","0"
"68951","IM","1","129","0"
"69001","","1","130","0"
"69051","","1","131","0"
"69802","D:268522852","0","1","1"
"69851","","1","2","0"
"69901","","0","3","1"
"69951","","0","4","1"
"70001","","0","5","1"
"70051","","0","6","1"
"70101","","0","7","1"
"70151","","S","S","0"
"70201","","0","8","1"
"70251","","0","9","1"
"70301","","0","10","1"
"70351","","0","11","1"
"70401","","0","12","1"
"70451","","S","S","0"
"70501","","1","13","0"
"70551","","1","14","0"
"70601","","0","15","1"
"70651","","1","16","0"
"70701","","0","17","1"
"70751","","1","18","0"
"70801","","0","19","1"
"70851","","1","20","0"
"70901","","0","21","1"
"70951","","1","22","0"
"71001","","0","23","1"
"71051","","1","24","0"
"71101","","0","25","1"
"71151","","1","26","0"
"71201","","1","27","0"
"71251","","0","28","1"
"71301","","0","29","1"
"71351","","1","30","0"
"71401","","0","31","1"
"71451","","0","32","1"
"71501","","0","33","1"
"71551","","0","34","1"
"71601","","0","35","1"
"71651","","S","S","0"
"71701","L:8","1","36","0"
"71751","","0","37","1"
"71801","","0","38","1"
"71851","","0","39","1"
"71901","000","0","40","1"
"71951","","0","41","1"
"72001","","S","S","0"
"72051","","0","42","1"
"72101","","0","43","1"
"72151","","0","44","1"
"72201","","0","45","1"
"72251","","0","46","1"
"72301","","S","S","0"
"72351","","0","47","1"
"72401","000","0","48","1"
"72451","","0","49","1"
"72501","","0","50","1"
"72551","","0","51","1"
"72601","","S","S","0"
"72651","","0","52","1"
"72701","","0","53","1"
"72751","","0","54","1"
"72801","","0","55","1"
"72851","000","0","56","1"
"72901","","S","S","0"
"72951","","0","57","1"
"73001","","0","58","1"
"73051","","0","59","1"
"73101","","0","60","1"
"73151","","0","61","1"
"73201","","S","S","0"
"73251","","0","62","1"
"73301","","0","63","1"
"73351","000","0","64","1"
"73401","","0","65","1"
"73451","","0","66","1"
"73501","","S","S","0"
"73551","","0","67","1"
"73601","","0","68","1"
"73651","","0","69","1"
"73701","","0","70","1"
"73751","","0","71","1"
"73801","","S","S","0"
"73851","008","0","72","1"
"73901","","0","73","1"
"73951","","0","74","1"
"74001","","0","75","1"
"74051","","1","76","0"
"74101","","0","77","1"
"74151","","0","78","1"
"74201","","0","79","1"
"74251","000","0","80","1"
"74301","","0","81","1"
"74351","","S","S","0"
"74401","","0","82","1"
"74451","","0","83","1"
"74501","","0","84","1"
"74551","","0","85","1"
"74601","","0","86","1"
"74651","","S","S","0"
"74701","","0","87","1"
"74751","000","0","88","1"
"74801","","0","89","1"
"74851","","0","90","1"
"74901","","0","91","1"
"74951","","S","S","0"
"75001","","0","92","1"
"75051","","0","93","1"
"75101","","0","94","1"
"75151","","0","95","1"
"75201","À","1","96","0"
"75251","","1","97","0"
"75302","","0","98","1"
"75352","","0","99","1"
"75402","","0","100","1"
"75452","","0","101","1"
"75502","","0","102","1"
"75551","","S","S","0"
"75601","","0","103","1"
"75651","C:23302","1","104","0"
"75701","","0","105","1"
"75751","","1","106","0"
"75801","","1","107","0"
"75852","","0","108","1"
"75901","","1","109","0"
"75951","","1","110","0"
"76002","","0","111","1"
"76052","","0","112","1"
"76102","","0","113","1"
"76152","","0","114","1"
"76202","","0","115","1"
"76251","","S","S","0"
"76301","","1","116","0"
"76351","","1","117","0"
"76402","","0","118","1"
"76451","","1","119","0"
"76501","N","1","120","0"
"76551","","1","121","0"
"76601","EF","1","122","0"
"76651","","1","123","0"
"76701","","1","124","0"
"76751","","1","125","0"
"76801","","1","126","0"
"76851","","1","127","0"
"76901","","1","128","0"
"76951","IM","1","129","0"
"77001","","1","130","0"
"77051","","1","131","0"
"77802","D:268522852","0","1","1"
"77851","","1","2","0"
"77902","","0","3","1"
"77952","","0","4","1"
"78002","","0","5","1"
"78052","","0","6","1"
"78102","","0","7","1"
"78151","","S","S","0"
"78202","","0","8","1"
"78252","","0","9","1"
"78302","","0","10","1"
"78352","","0","11","1"
"78402","","0","12","1"
"78451","","S","S","0"
"78501","","1","13","0"
"78551","","1","14","0"
"78602","","0","15","1"
"78651","","1","16","0"
"78702","","0","17","1"
"78751","","1","18","0"
"78802","","0","19","1"
"78851","","1","20","0"
"78902","","0","21","1"
"78951","","1","22","0"
"79002","","0","23","1"
"79051","","1","24","0"
"79102","","0","25","1"
"79151","","1","26","0"
"79201","","1","27","0"
"79252","","0","28","1"
"79302","","0","29","1"
"79351","","1","30","0"
"79402","","0","31","1"
"79452","","0","32","1"
"79502","","0","33","1"
"79552","","0","34","1"
"79602","","0","35","1"
"79651","","S","S","0"
"79701","L:8","1","36","0"
"79752","","0","37","1"
"79802","","0","38","1"
"79852","","0","39","1"
"79902","000","0","40","1"
"79952","","0","41","1"
"80001","","S","S","0"
"80052","","0","42","1"
"80102","","0","43","1"
"80152","","0","44","1"
"80202","","0","45","1"
"80252","","0","46","1"
"80301","","S","S","0"
"80352","","0","47","1"
"80402","000","0","48","1"
"80452","","0","49","1"
"80502","","0","50","1"
"80552","","0","51","1"
"80601","","S","S","0"
"80652","","0","52","1"
"80702","","0","53","1"
"80752","","0","54","1"
"80802","","0","55","1"
"80852","000","0","56","1"
"80901","","S","S","0"
"80952","","0","57","1"
"81002","","0","58","1"
"81052","","0","59","1"
"81102","","0","60","1"
"81152","","0","61","1"
"81201","","S","S","0"
"81252","","0","62","1"
"81302","","0","63","1"
"81352","000","0","64","1"
"81402","","0","65","1"
"81452","","0","66","1"
"81501","","S","S","0"
"81552","","0","67","1"
"81602","","0","68","1"
"81652","","0","69","1"
"81702","","0","70","1"
"81752","","0","71","1"
"81801","","S","S","0"
"81852","008","0","72","1"
"81902","","0","73","1"
"81952","","0","74","1"
"82002","","0","75","1"
"82051","","1","76","0"
"82102","","0","77","1"
"82152","","0","78","1"
"82202","","0","79","1"
"82252","000","0","80","1"
"82302","","0","81","1"
"82351","","S","S","0"
"82402","","0","82","1"
"82452","","0","83","1"
"82502","","0","84","1"
"82552","","0","85","1"
"82602","","0","86","1"
"82651","","S","S","0"
"82702","","0","87","1"
"82752","000","0","88","1"
"82802","","0","89","1"
"82852","","0","90","1"
"82902","","0","91","1"
"82951","","S","S","0"
"83002","","0","92","1"
"83052","","0","93","1"
"83102","","0","94","1"
"83152","","0","95","1"
"83201","À","1","96","0"
"83251","","1","97","0"
"83302","","0","98","1"
"83352","","0","99","1"
"83402","","0","100","1"
"83452","","0","101","1"
"83502","","0","102","1"
"83551","","S","S","0"
"83602","","0","103","1"
"83651","C:23302","1","104","0"
"83702","","0","105","1"
"83751","","1","106","0"
"83801","","1","107","0"
"83852","","0","108","1"
"83901","","1","109","0"
"83951","","1","110","0"
"84002","","0","111","1"
"84052","","0","112","1"
"84102","","0","113","1"
"84152","","0","114","1"
"84202","","0","115","1"
"84251","","S","S","0"
"84301","","1","116","0"
"84351","","1","117","0"
"84402","","0","118","1"
"84451","","1","119","0"
"84501","N","1","120","0"
"84551","","1","121","0"
"84601","EF","1","122","0"
"84651","","1","123","0"
"84701","","1","124","0"
"84751","","1","125","0"
"84801","","1","126","0"
"84851","","1","127","0"
"84901","","1","128","0"
"84951","IM","1","129","0"
"85001","","1","130","0"
"85051","","1","131","0"
"85803","D:268522852","0","1","1"
"85852","","1","2","0"
"85902","","0","3","1"
"85952","","0","4","1"
"86002","","0","5","1"
"86052","","0","6","1"
"86102","","0","7","1"
"86152","","S","S","0"
"86202","","0","8","1"
"86252","","0","9","1"
"86302","","0","10","1"
"86352","","0","11","1"
"86402","","0","12","1"
"86452","","S","S","0"
"86502","","1","13","0"
"86552","","1","14","0"
"86603","","0","15","1"
"86652","","1","16","0"
"86702","","0","17","1"
"86752","","1","18","0"
"86802","","0","19","1"
"86852","","1","20","0"
"86902","","0","21","1"
"86952","","1","22","0"
"87002","","0","23","1"
"87052","","1","24","0"
"87102","","0","25","1"
"87152","","1","26","0"
"87202","","1","27","0"
"87252","","0","28","1"
"87302","","0","29","1"
"87352","","1","30","0"
"87402","","0","31","1"
"87452","","0","32","1"
"87502","","0","33","1"
"87552","","0","34","1"
"87602","","0","35","1"
"87652","","S","S","0"
"87702","L:8","1","36","0"
"87752","","0","37","1"
"87802","","0","38","1"
"87852","","0","39","1"
"87902","000","0","40","1"
"87952","","0","41","1"
"88002","","S","S","0"
"88052","","0","42","1"
"88102","","0","43","1"
"88152","","0","44","1"
"88202","","0","45","1"
"88252","","0","46","1"
"88302","","S","S","0"
"88352","","0","47","1"
"88402","000","0","48","1"
"88452","","0","49","1"
"88502","","0","50","1"
"88552","","0","51","1"
"88602","","S","S","0"
"88652","","0","52","1"
"88702","","0","53","1"
"88752","","0","54","1"
"88802","","0","55","1"
"88852","000","0","56","1"
"88902","","S","S","0"
"88952","","0","57","1"
"89002","","0","58","1"
"89052","","0","59","1"
"89102","","0","60","1"
"89152","","0","61","1"
"89202","","S","S","0"
"89252","","0","62","1"
"89302","","0","63","1"
"89352","000","0","64","1"
"89402","","0","65","1"
"89452","","0","66","1"
"89502","","S","S","0"
"89552","","0","67","1"
"89602","","0","68","1"
"89652","","0","69","1"
"89702","","0","70","1"
"89752","","0","71","1"
"89802","","S","S","0"
"89852","008","0","72","1"
"89902","","0","73","1"
"89952","","0","74","1"
"90002","","0","75","1"
"90052","","1","76","0"
"90102","","0","77","1"
"90152","","0","78","1"
"90202","","0","79","1"
"90252","000","0","80","1"
"90302","","0","81","1"
"90352","","S","S","0"
"90402","","0","82","1"
"90452","","0","83","1"
"90502","","0","84","1"
"90552","","0","85","1"
"90602","","0","86","1"
"90652","","S","S","0"
"90702","","0","87","1"
"90752","000","0","88","1"
"90802","","0","89","1"
"90852","","0","90","1"
"90902","","0","91","1"
"90952","","S","S","0"
"91002","","0","92","1"
"91052","","0","93","1"
"91102","","0","94","1"
"91152","","0","95","1"
"91202","À","1","96","0"
"91252","","1","97","0"
"91303","","0","98","1"
"91353","","0","99","1"
"91403","","0","100","1"
"91453","","0","101","1"
"91503","","0","102","1"
"91552","","S","S","0"
"91603","","0","103","1"
"91652","C:23302","1","104","0"
"91703","","0","105","1"
"91752","","1","106","0"
"91802","","1","107","0"
"91853","","0","108","1"
"91902","","1","109","0"
"91952","","1","110","0"
"92003","","0","111","1"
"92053","","0","112","1"
"92103","","0","113","1"
"92153","","0","114","1"
"92203","","0","115","1"
"92252","","S","S","0"
"92302","","1","116","0"
"92352","","1","117","0"
"92403","","0","118","1"
"92452","","1","119","0"
"92502","N","1","120","0"
"92552","","1","121","0"
"92602","EF","1","122","0"
"92652","","1","123","0"
"92702","","1","124","0"
"92752","","1","125","0"
"92802","","1","126","0"
"92852","","1","127","0"
"92902","","1","128","0"
"92952","IM","1","129","0"
"93002","","1","130","0"
"93052","","1","131","0"
"93803","D:268522852","0","1","1"
"93852","","1","2","0"
"93903","","0","3","1"
"93953","","0","4","1"
"94003","","0","5","1"
"94053","","0","6","1"
"94103","","0","7","1"
"94152","","S","S","0"
"94203","","0","8","1"
"94253","","0","9","1"
"94303","","0","10","1"
"94353","","0","11","1"
"94403","","0","12","1"
"94452","","S","S","0"
"94502","","1","13","0"
"94552","","1","14","0"
"94603","","0","15","1"
"94652","","1","16","0"
"94703","","0","17","1"
"94752","","1","18","0"
"94803","","0","19","1"
"94852","","1","20","0"
"94903","","0","21","1"
"94952","","1","22","0"
"95003","","0","23","1"
"95052","","1","24","0"
"95103","","0","25","1"
"95152","","1","26","0"
"95202","","1","27","0"
"95253","","0","28","1"
"95303","","0","29","1"
"95352","","1","30","0"
"95403","","0","31","1"
"95453","","0","32","1"
"95503","","0","33","1"
"95553","","0","34","1"
"95603","","0","35","1"
"95652","","S","S","0"
"95702","L:8","1","36","0"
"95753","","0","37","1"
"95803","","0","38","1"
"95853","","0","39","1"
"95903","000","0","40","1"
"95953","","0","41","1"
"96002","","S","S","0"
"96053","","0","42","1"
"96103","","0","43","1"
"96153","","0","44","1"
"96203","","0","45","1"
"96253","","0","46","1"
"96302","","S","S","0"
"96353","","0","47","1"
"96403","000","0","48","1"
"96453","","0","49","1"
"96503","","0","50","1"
"96553","","0","51","1"
"96602","","S","S","0"
"96653","","0","52","1"
"96703","","0","53","1"
"96753","","0","54","1"
"96803","","0","55","1"
"96853","000","0","56","1"
"96902","","S","S","0"
"96953","","0","57","1"
"97003","","0","58","1"
"97053","","0","59","1"
"97103","","0","60","1"
"97153","","0","61","1"
"97202","","S","S","0"
"97253","","0","62","1"
"97303","","0","63","1"
"97353","000","0","64","1"
"97403","","0","65","1"
"97453","","0","66","1"
"97502","","S","S","0"
"97553","","0","67","1"
"97603","","0","68","1"
"97653","","0","69","1"
"97703","","0","70","1"
"97753","","0","71","1"
"97802","","S","S","0"
"97853","008","0","72","1"
"97903","","0","73","1"
"97953","","0","74","1"
"98003","","0","75","1"
"98052","","1","76","0"
"98103","","0","77","1"
"98153","","0","78","1"
"98203","","0","79","1"
"98253","000","0","80","1"
"98303","","0","81","1"
"98352","","S","S","0"
"98403","","0","82","1"
"98453","","0","83","1"
"98503","","0","84","1"
"98553","","0","85","1"
"98603","","0","86","1"
"98652","","S","S","0"
"98703","","0","87","1"
"98753","000","0","88","1"
"98803","","0","89","1"
"98853","","0","90","1"
"98903","","0","91","1"
"98952","","S","S","0"
"99003","","0","92","1"
"99053","","0","93","1"
"99103","","0","94","1"
"99153","","0","95","1"
"99202","À","1","96","0"
"99252","","1","97","0"
"99303","","0","98","1"
"99353","","0","99","1"
"99403","","0","100","1"
"99453","","0","101","1"
"99503","","0","102","1"
"99552","","S","S","0"
"99603","","0","103","1"
"99652","C:23302","1","104","0"
"99703","","0","105","1"
"99752","","1","106","0"
"99802","","1","107","0"
"99853","","0","108","1"
"99902","","1","109","0"
"99952","","1","110","0"
"100003","","0","111","1"
"100053","","0","112","1"
"100103","","0","113","1"
"100153","","0","114","1"
"100203","","0","115","1"
"100252","","S","S","0"
"100302","","1","116","0"
"100352","","1","117","0"
"100403","","0","118","1"
"100452","","1","119","0"
"100502","N","1","120","0"
"100552","","1","121","0"
"100602","EF","1","122","0"
"100652","","1","123","0"
"100702","","1","124","0"
"100752","","1","125","0"
"100802","","1","126","0"
"100852","","1","127","0"
"100902","","1","128","0"
"100952","IM","1","129","0"
"101002","","1","130","0"
"101052","","1","131","0"
"101802","D:268522852","0","1","1"
"101852","","1","2","0"
"101903","","0","3","1"
"101953","","0","4","1"
"102003","","0","5","1"
"102053","","0","6","1"
"102103","","0","7","1"
"102152","","S","S","0"
"102203","","0","8","1"
"102253","","0","9","1"
"102303","","0","10","1"
"102353","","0","11","1"
"102403","","0","12","1"
"102452","","S","S","0"
"102502","","1","13","0"
"102552","","1","14","0"
"102603","","0","15","1"
"102652","","1","16","0"
"102703","","0","17","1"
"102752","","1","18","0"
"102803","","0","19","1"
"102852","","1","20","0"
"102903","","0","21","1"
"102952","","1","22","0"
"103003","","0","23","1"
"103052","","1","24","0"
"103103","","0","25","1"
"103152","","1","26","0"
"103202","","1","27","0"
"103253","","0","28","1"
"103303","","0","29","1"
"103352","","1","30","0"
"103403","","0","31","1"
"103453","","0","32","1"
"103503","","0","33","1"
"103553","","0","34","1"
"103603","","0","35","1"
"103652","","S","S","0"
"103702","L:8","1","36","0"
"103753","","0","37","1"
"103803","","0","38","1"
"103853","","0","39","1"
"103903","000","0","40","1"
"103953","","0","41","1"
"104002","","S","S","0"
"104053","","0","42","1"
"104103","","0","43","1"
"104153","","0","44","1"
"104203","","0","45","1"
"104253","","0","46","1"
"104302","","S","S","0"
"104353","","0","47","1"
"104403","000","0","48","1"
"104453","","0","49","1"
"104503","","0","50","1"
"104553","","0","51","1"
"104602","","S","S","0"
"104653","","0","52","1"
"104703","","0","53","1"
"104753","","0","54","1"
"104803","","0","55","1"
"104853","000","0","56","1"
"104902","","S","S","0"
"104953","","0","57","1"
"105003","","0","58","1"
"105053","","0","59","1"
"105103","","0","60","1"
"105153","","0","61","1"
"105202","","S","S","0"
"105253","","0","62","1"
"105303","","0","63","1"
"105353","000","0","64","1"
"105403","","0","65","1"
"105453","","0","66","1"
"105502","","S","S","0"
"105553","","0","67","1"
"105603","","0","68","1"
"105653","","0","69","1"
"105703","","0","70","1"
"105753","","0","71","1"
"105802","","S","S","0"
"105853","008","0","72","1"
"105903","","0","73","1"
"105953","","0","74","1"
"106003","","0","75","1"
"106052","","1","76","0"
"106103","","0","77","1"
"106153","","0","78","1"
"106203","","0","79","1"
"106253","000","0","80","1"
"106303","","0","81","1"
"106352","","S","S","0"
"106403","","0","82","1"
"106453","","0","83","1"
"106503","","0","84","1"
"106553","","0","85","1"
"106603","","0","86","1"
"106652","","S","S","0"
"106703","","0","87","1"
"106753","000","0","88","1"
"106803","","0","89","1"
"106853","","0","90","1"
"106903","","0","91","1"
"106952","","S","S","0"
"107003","","0","92","1"
"107053","","0","93","1"
"107103","","0","94","1"
"107153","","0","95","1"
"107202","À","1","96","0"
"107252","","1","97","0"
"107303","","0","98","1"
"107353","","0","99","1"
"107403","","0","100","1"
"107453","","0","101","1"
"107503","","0","102","1"
"107552","","S","S","0"
"107603","","0","103","1"
"107652","C:23302","1","104","0"
"107703","","0","105","1"
"107752","","1","106","0"
"107802","","1","107","0"
"107853","","0","108","1"
"107902","","1","109","0"
"107952","","1","110","0"
"108003","","0","111","1"
"108053","","0","112","1"
"108103","","0","113","1"
"108153","","0","114","1"
"108203","","0","115","1"
"108252","","S","S","0"
"108302","","1","116","0"
"108352","","1","117","0"
"108402","","0","118","1"
"108452","","1","119","0"
"108502","N","1","120","0"
"108552","","1","121","0"
"108602","EF","1","122","0"
"108652","","1","123","0"
"108702","","1","124","0"
"108752","","1","125","0"
"108802","","1","126","0"
"108852","","1","127","0"
"108902","","1","128","0"
"108952","IM","1","129","0"
"109002","","1","130","0"
"109052","","1","131","0"
"109802","D:268522852","0","1","1"
"109852","","1","2","0"
"109903","","0","3","1"
"109953","","0","4","1"
"110003","","0","5","1"
"110053","","0","6","1"
"110103","","0","7","1"
"110152","","S","S","0"
"110203","","0","8","1"
"110253","","0","9","1"
"110303","","0","10","1"
"110353","","0","11","1"
"110403","","0","12","1"
"110452","","S","S","0"
"110502","","1","13","0"
"110552","","1","14","0"
"110602","","0","15","1"
"110652","","1","16","0"
"110703","","0","17","1"
"110752","","1","18","0"
"110803","","0","19","1"
"110852","","1","20","0"
"110903","","0","21","1"
"110952","","1","22","0"
"111003","","0","23","1"
"111052","","1","24","0"
"111103","","0","25","1"
"111152","","1","26","0"
"111202","","1","27","0"
"111252","","0","28","1"
"111302","","0","29","1"
"111352","","1","30","0"
"111403","","0","31","1"
"111453","","0","32","1"
"111503","","0","33","1"
"111553","","0","34","1"
"111603","","0","35","1"
"111652","","S","S","0"
"111702","L:8","1","36","0"
"111752","","0","37","1"
"111802","","0","38","1"
"111852","","0","39","1"
"111902","000","0","40","1"
"111952","","0","41","1"
"112002","","S","S","0"
"112053","","0","42","1"
"112103","","0","43","1"
"112153","","0","44","1"
"112203","","0","45","1"
"112253","","0","46","1"
"112302","","S","S","0"
"112353","","0","47","1"
"112403","000","0","48","1"
"112453","","0","49","1"
"112503","","0","50","1"
"112553","","0","51","1"
"112602","","S","S","0"
"112653","","0","52","1"
"112703","","0","53","1"
"112753","","0","54","1"
"112803","","0","55","1"
"112853","000","0","56","1"
"112902","","S","S","0"
"112953","","0","57","1"
"113003","","0","58","1"
"113053","","0","59","1"
"113103","","0","60","1"
"113153","","0","61","1"
"113202","","S","S","0"
"113252","","0","62","1"
"113302","","0","63","1"
"113352","000","0","64","1"
"113402","","0","65","1"
"113452","","0","66","1"
"113502","","S","S","0"
"113552","","0","67","1"
"113602","","0","68","1"
"113652","","0","69","1"
"113702","","0","70","1"
"113752","","0","71","1"
"113802","","S","S","0"
"113852","008","0","72","1"
"113902","","0","73","1"
"113952","","0","74","1"
"114002","","0","75","1"
"114052","","1","76","0"
"114102","","0","77","1"
"114152","","0","78","1"
"114202","","0","79","1"
"114252","000","0","80","1"
"114302","","0","81","1"
"114352","","S","S","0"
"114402","","0","82","1"
"114452","","0","83","1"
"114502","","0","84","1"
"114552","","0","85","1"
"114602","","0","86","1"
"114652","","S","S","0"
"114702","","0","87","1"
"114752","000","0","88","1"
"114802","","0","89","1"
"114852","","0","90","1"
"114902","","0","91","1"
"114952","","S","S","0"
"115002","","0","92","1"
"115052","","0","93","1"
"115102","","0","94","1"
"115152","","0","95","1"
"115202","À","1","96","0"
"115252","","1","97","0"
"115302","","0","98","1"
"115352","","0","99","1"
"115402","","0","100","1"
"115452","","0","101","1"
"115502","","0","102","1"
"115552","","S","S","0"
"115602","","0","103","1"
"115652","C:23302","1","104","0"
"115702","","0","105","1"
"115752","","1","106","0"
"115802","","1","107","0"
"115852","","0","108","1"
"115902","","1","109","0"
"115952","","1","110","0"
"116002","","0","111","1"
"116052","","0","112","1"
"116102","","0","113","1"
"116152","","0","114","1"
"116202","","0","115","1"
"116252","","S","S","0"
"116302","","1","116","0"
"116352","","1","117","0"
"116402","","0","118","1"
"116452","","1","119","0"
"116502","N","1","120","0"
"116552","","1","121","0"
"116602","EF","1","122","0"
"116652","","1","123","0"
"116702","","1","124","0"
"116752","","1","125","0"
"116802","","1","126","0"
"116852","","1","127","0"
"116902","","1","128","0"
"116952","IM","1","129","0"
"117002","","1","130","0"
"117052","","1","131","0"
"117803","D:268522852","0","1","1"
"117852","","1","2","0"
"117902","","0","3","1"
"117952","","0","4","1"
"118002","","0","5","1"
"118052","","0","6","1"
"118102","","0","7","1"
"118152","","S","S","0"
"118202","","0","8","1"
"118252","","0","9","1"
"118302","","0","10","1"
"118352","","0","11","1"
"118402","","0","12","1"
"118452","","S","S","0"
"118502","","1","13","0"
"118552","","1","14","0"
"118602","","0","15","1"
"118652","","1","16","0"
"118702","","0","17","1"
"118752","","1","18","0"
"118802","","0","19","1"
"118852","","1","20","0"
"118902","","0","21","1"
"118952","","1","22","0"
"119002","","0","23","1"
"119052","","1","24","0"
"119102","","0","25","1"
"119152","","1","26","0"
"119202","","1","27","0"
"119252","","0","28","1"
"119302","","0","29","1"
"119352","","1","30","0"
"119402","","0","31","1"
"119452","","0","32","1"
"119502","","0","33","1"
"119552","","0","34","1"
"119602","","0","35","1"
"119652","","S","S","0"
"119702","L:8","1","36","0"
"119752","","0","37","1"
"119802","","0","38","1"
"119852","","0","39","1"
"119902","000","0","40","1"
"119952","","0","41","1"
"120002","","S","S","0"
"120052","","0","42","1"
"120102","","0","43","1"
"120152","","0","44","1"
"120202","","0","45","1"
"120252","","0","46","1"
"120302","","S","S","0"
"120352","","0","47","1"
"120402","000","0","48","1"
"120452","","0","49","1"
"120502","","0","50","1"
"120552","","0","51","1"
"120602","","S","S","0"
"120652","","0","52","1"
"120702","","0","53","1"
"120752","","0","54","1"
"120802","","0","55","1"
"120852","000","0","56","1"
"120902","","S","S","0"
"120952","","0","57","1"
"121002","","0","58","1"
"121052","","0","59","1"
"121102","","0","60","1"
"121152","","0","61","1"
"121202","","S","S","0"
"121252","","0","62","1"
"121302","","0","63","1"
"121352","000","0","64","1"
"121402","","0","65","1"
"121452","","0","66","1"
"121502","","S","S","0"
"121552","","0","67","1"
"121602","","0","68","1"
"121652","","0","69","1"
"121702","","0","70","1"
"121752","","0","71","1"
"121802","","S","S","0"
"121852","008","0","72","1"
"121902","","0","73","1"
"121952","","0","74","1"
"122002","","0","75","1"
"122052","","1","76","0"
"122102","","0","77","1"
"122152","","0","78","1"
"122202","","0","79","1"
"122252","000","0","80","1"
"122302","","0","81","1"
"122352","","S","S","0"
"122402","","0","82","1"
"122452","","0","83","1"
"122502","","0","84","1"
"122552","","0","85","1"
"122602","","0","86","1"
"122652","","S","S","0"
"122702","","0","87","1"
"122752","000","0","88","1"
"122802","","0","89","1"
"122852","","0","90","1"
"122902","","0","91","1"
"122952","","S","S","0"
"123002","","0","92","1"
"123052","","0","93","1"
"123102","","0","94","1"
"123152","","0","95","1"
"123202","À","1","96","0"
"123252","","1","97","0"
"123302","","0","98","1"
"123352","","0","99","1"
"123402","","0","100","1"
"123452","","0","101","1"
"123502","","0","102","1"
"123552","","S","S","0"
"123602","","0","103","1"
"123652","C:23302","1","104","0"
"123702","","0","105","1"
"123752","","1","106","0"
"123802","","1","107","0"
"123852","","0","108","1"
"123902","","1","109","0"
"123952","","1","110","0"
"124002","","0","111","1"
"124052","","0","112","1"
"124102","","0","113","1"
"124152","","0","114","1"
"124202","","0","115","1"
"124252","","S","S","0"
"124302","","1","116","0"
"124352","","1","117","0"
"124402","","0","118","1"
"124452","","1","119","0"
"124502","N","1","120","0"
"124552","","1","121","0"
"124602","EF","1","122","0"
"124652","","1","123","0"
"124702","","1","124","0"
"124752","","1","125","0"
"124802","","1","126","0"
"124852","","1","127","0"
"124902","","1","128","0"
"124952","IM","1","129","0"
"125002","","1","130","0"
"125052","","1","131","0"
"125803","D:268522852","0","1","1"
"125852","","1","2","0"
"125902","","0","3","1"
"125952","","0","4","1"
"126002","","0","5","1"
"126052","","0","6","1"
"126102","","0","7","1"
"126152","","S","S","0"
"126202","","0","8","1"
"126252","","0","9","1"
"126302","","0","10","1"
"126352","","0","11","1"
"126402","","0","12","1"
"126452","","S","S","0"
"126502","","1","13","0"
"126552","","1","14","0"
"126602","","0","15","1"
"126652","","1","16","0"
"126702","","0","17","1"
"126752","","1","18","0"
"126802","","0","19","1"
"126852","","1","20","0"
"126902","","0","21","1"
"126952","","1","22","0"
"127002","","0","23","1"
"127052","","1","24","0"
"127102","","0","25","1"
"127152","","1","26","0"
"127202","","1","27","0"
"127252","","0","28","1"
"127302","","0","29","1"
"127352","","1","30","0"
"127402","","0","31","1"
"127452","","0","32","1"
"127502","","0","33","1"
"127552","","0","34","1"
"127602","","0","35","1"
"127652","","S","S","0"
"127702","L:8","1","36","0"
"127752","","0","37","1"
"127802","","0","38","1"
"127852","","0","39","1"
"127902","000","0","40","1"
"127952","","0","41","1"
"128002","","S","S","0"
"128052","","0","42","1"
"128102","","0","43","1"
"128152","","0","44","1"
"128202","","0","45","1"
"128252","","0","46","1"
"128302","","S","S","0"
"128352","","0","47","1"
"128402","000","0","48","1"
"128452","","0","49","1"
"128502","","0","50","1"
"128552","","0","51","1"
"128602","","S","S","0"
"128652","","0","52","1"
"128702","","0","53","1"
"128752","","0","54","1"
"128802","","0","55","1"
"128852","000","0","56","1"
"128902","","S","S","0"
"128952","","0","57","1"
"129002","","0","58","1"
"129052","","0","59","1"
"129102","","0","60","1"
"129152","","0","61","1"
"129202","","S","S","0"
"129252","","0","62","1"
"129302","","0","63","1"
"129352","000","0","64","1"
"129402","","0","65","1"
"129452","","0","66","1"
"129502","","S","S","0"
"129552","","0","67","1"
"129602","","0","68","1"
"129652","","0","69","1"
"129702","","0","70","1"
"129752","","0","71","1"
"129802","","S","S","0"
"129852","008","0","72","1"
"129902","","0","73","1"
"129952","","0","74","1"
"130002","","0","75","1"
"130052","","1","76","0"
"130102","","0","77","1"
"130152","","0","78","1"
"130202","","0","79","1"
"130252","000","0","80","1"
"130302","","0","81","1"
"130352","","S","S","0"
"130402","","0","82","1"
"130452","","0","83","1"
"130502","","0","84","1"
"130552","","0","85","1"
"130602","","0","86","1"
"130652","","S","S","0"
"130702","","0","87","1"
"130752","000","0","88","1"
"130802","","0","89","1"
"130852","","0","90","1"
"130902","","0","91","1"
"130952","","S","S","0"
"131002","","0","92","1"
"131052","","0","93","1"
"131102","","0","94","1"
"131152","","0","95","1"
"131202","À","1","96","0"
"131252","","1","97","0"
"131303","","0","98","1"
"131353","","0","99","1"
"131403","","0","100","1"
"131453","","0","101","1"
"131503","","0","102","1"
"131552","","S","S","0"
"131603","","0","103","1"
"131652","C:23302","1","104","0"
"131703","","0","105","1"
"131752","","1","106","0"
"131802","","1","107","0"
"131853","","0","108","1"
"131902","","1","109","0"
"131952","","1","110","0"
"132003","","0","111","1"
"132053","","0","112","1"
"132103","","0","113","1"
"132153","","0","114","1"
"132203","","0","115","1"
"132252","","S","S","0"
"132302","","1","116","0"
"132352","","1","117","0"
"132403","","0","118","1"
"132452","","1","119","0"
"132502","N","1","120","0"
"132552","","1","121","0"
"132602","EF","1","122","0"
"132652","","1","123","0"
"132702","","1","124","0"
"132752","","1","125","0"
"132802","","1","126","0"
"132852","","1","127","0"
"132902","","1","128","0"
"132952","IM","1","129","0"
"133002","","1","130","0"
"133052","","1","131","0"
"133803","D:268522852","0","1","1"
"133852","","1","2","0"
"133903","","0","3","1"
"133953","","0","4","1"
"134003","","0","5","1"
"134053","","0","6","1"
"134103","","0","7","1"
"134152","","S","S","0"
"134203","","0","8","1"
"134253","","0","9","1"
"134303","","0","10","1"
"134353","","0","11","1"
"134403","","0","12","1"
"134452","","S","S","0"
"134502","","1","13","0"
"134552","","1","14","0"
"134603","","0","15","1"
"134652","","1","16","0"
"134703","","0","17","1"
"134752","","1","18","0"
"134803","","0","19","1"
"134852","","1","20","0"
"134903","","0","21","1"
"134952","","1","22","0"
"135003","","0","23","1"
"135052","","1","24","0"
"135103","","0","25","1"
"135152","","1","26","0"
"135202","","1","27","0"
"135253","","0","28","1"
"135303","","0","29","1"
"135352","","1","30","0"
"135403","","0","31","1"
"135453","","0","32","1"
"135503","","0","33","1"
"135553","","0","34","1"
"135603","","0","35","1"
"135652","","S","S","0"
"135702","L:8","1","36","0"
"135753","","0","37","1"
"135803","","0","38","1"
"135853","","0","39","1"
"135903","000","0","40","1"
"135953","","0","41","1"
"136002","","S","S","0"
"136053","","0","42","1"
"136103","","0","43","1"
"136153","","0","44","1"
"136203","","0","45","1"
"136253","","0","46","1"
"136302","","S","S","0"
"136353","","0","47","1"
"136403","000","0","48","1"
"136453","","0","49","1"
"136503","","0","50","1"
"136553","","0","51","1"
"136602","","S","S","0"
"136653","","0","52","1"
"136703","","0","53","1"
"136753","","0","54","1"
"136803","","0","55","1"
"136853","000","0","56","1"
"136902","","S","S","0"
"136953","","0","57","1"
"137003","","0","58","1"
"137053","","0","59","1"
"137103","","0","60","1"
"137153","","0","61","1"
"137202","","S","S","0"
"137253","","0","62","1"
"137303","","0","63","1"
"137353","000","0","64","1"
"137403","","0","65","1"
"137453","","0","66","1"
"137502","","S","S","0"
"137553","","0","67","1"
"137603","","0","68","1"
"137653","","0","69","1"
"137703","","0","70","1"
"137753","","0","71","1"
"137802","","S","S","0"
"137853","008","0","72","1"
"137903","","0","73","1"
"137953","","0","74","1"
"138003","","0","75","1"
"138052","","1","76","0"
"138103","","0","77","1"
"138153","","0","78","1"
"138203","","0","79","1"
"138253","000","0","80","1"
"138303","","0","81","1"
"138352","","S","S","0"
"138403","","0","82","1"
"138453","","0","83","1"
"138503","","0","84","1"
"138553","","0","85","1"
"138603","","0","86","1"
"138652","","S","S","0"
"138703","","0","87","1"
"138753","000","0","88","1"
"138803","","0","89","1"
"138853","","0","90","1"
"138903","","0","91","1"
"138952","","S","S","0"
"139003","","0","92","1"
"139053","","0","93","1"
"139103","","0","94","1"
"139153","","0","95","1"
"139202","À","1","96","0"
"139252","","1","97","0"
"139303","","0","98","1"
"139353","","0","99","1"
"139403","","0","100","1"
"139453","","0","101","1"
"139503","","0","102","1"
"139552","","S","S","0"
"139603","","0","103","1"
"139652","C:23302","1","104","0"
"139703","","0","105","1"
"139752","","1","106","0"
"139802","","1","107","0"
"139853","","0","108","1"
"139902","","1","109","0"
"139952","","1","110","0"
"140003","","0","111","1"
"140053","","0","112","1"
"140103","","0","113","1"
"140153","","0","114","1"
"140203","","0","115","1"
"140253","","S","S","0"
"140303","","1","116","0"
"140353","","1","117","0"
"140403","","0","118","1"
"140453","","1","119","0"
"140503","N","1","120","0"
"140553","","1","121","0"
"140603","EF","1","122","0"
"140653","","1","123","0"
"140703","","1","124","0"
"140753","","1","125","0"
"140803","","1","126","0"
"140853","","1","127","0"
"140903","","1","128","0"
"140953","IM","1","129","0"
"141003","","1","130","0"
"141053","","1","131","0"
"141804","","","","1"
"141811","","","","1"
